TimeGenerated,TotalBytesSent,baseline,score,anomalies
"2019-05-01T06:00:00Z",873713587,782728212,"0.22477580533770974",0
"2019-05-01T07:00:00Z",882187669,838492449,0,0
"2019-05-01T08:00:00Z",852506841,816772273,0,0
"2019-05-01T09:00:00Z",898793650,878871426,0,0
"2019-05-01T10:00:00Z",891598085,862639955,0,0
"2019-05-01T11:00:00Z",893022551,829287276,0,0
"2019-05-01T12:00:00Z",922677236,827135135,"0.3089416930559012",0
"2019-05-01T13:00:00Z",856663011,795385715,0,0
"2019-05-01T14:00:00Z",830763825,779642984,0,0
"2019-05-01T15:00:00Z",855292297,774383611,"0.03865237602799538",0
"2019-05-01T16:00:00Z",867265088,781543365,"0.127552510586356",0
"2019-05-01T17:00:00Z",783423911,753274276,0,0
"2019-05-01T18:00:00Z",797876828,830914353,0,0
"2019-05-01T19:00:00Z",790012871,762032309,0,0
"2019-05-01T20:00:00Z",852519704,781835274,0,0
"2019-05-01T21:00:00Z",801772685,809785760,0,0
"2019-05-01T22:00:00Z",807320821,816884986,0,0
"2019-05-01T23:00:00Z",811995775,770342093,0,0
"2019-05-02T00:00:00Z",857108417,840195542,0,0
"2019-05-02T01:00:00Z",668803434,593764473,0,0
"2019-05-02T02:00:00Z",644214662,633653057,0,0
"2019-05-02T03:00:00Z",716435846,617656404,"0.368737630645067",0
"2019-05-02T04:00:00Z",718165305,584982654,"1.0041887665795506",0
"2019-05-02T05:00:00Z",846441590,868450796,0,0
"2019-05-02T06:00:00Z",913851950,824453638,"0.19546166069276413",0
"2019-05-02T07:00:00Z",909281093,841264748,0,0
"2019-05-02T08:00:00Z",910496479,905043514,0,0
"2019-05-02T09:00:00Z",860491701,849002163,0,0
"2019-05-02T10:00:00Z",907134623,833155361,0,0
"2019-05-02T11:00:00Z",951830968,912530827,0,0
"2019-05-02T12:00:00Z",863445775,867229077,0,0
"2019-05-02T13:00:00Z",883803886,900925622,0,0
"2019-05-02T14:00:00Z",947731570,901918228,0,0
"2019-05-02T15:00:00Z",897928218,802180467,"0.3127401906748501",0
"2019-05-02T16:00:00Z",862303611,863377387,0,0
"2019-05-02T17:00:00Z",891357428,781629234,"0.5709686755285784",0
"2019-05-02T18:00:00Z",874557665,792559337,"0.058778819047480696",0
"2019-05-02T19:00:00Z",802427120,817137018,0,0
"2019-05-02T20:00:00Z",869716161,841892249,0,0
"2019-05-02T21:00:00Z",851558231,771153881,"0.029336929441758537",0
"2019-05-02T22:00:00Z",906453909,877857161,0,0
"2019-05-02T23:00:00Z",843625312,815701033,0,0
"2019-05-03T00:00:00Z",807469579,859362524,0,0
"2019-05-03T01:00:00Z",695427997,719382993,0,0
"2019-05-03T02:00:00Z",643948011,651681106,0,0
"2019-05-03T03:00:00Z",677938461,705805457,0,0
"2019-05-03T04:00:00Z",666457868,711761070,0,0
"2019-05-03T05:00:00Z",890567174,935619166,0,0
"2019-05-03T06:00:00Z",920136656,867554929,0,0
"2019-05-03T07:00:00Z",864647530,899560537,0,0
"2019-05-03T08:00:00Z",865802529,861332483,0,0
"2019-05-03T09:00:00Z",937646970,941991590,0,0
"2019-05-03T10:00:00Z",918357380,892879165,0,0
"2019-05-03T11:00:00Z",889610303,940863613,0,0
"2019-05-03T12:00:00Z",913645805,869347154,0,0
"2019-05-03T13:00:00Z",887186534,871274006,0,0
"2019-05-03T14:00:00Z",965532850,931892874,0,0
"2019-05-03T15:00:00Z",825807779,827145513,0,0
"2019-05-03T16:00:00Z",903819076,834319239,0,0
"2019-05-03T17:00:00Z",827999022,868153889,0,0
"2019-05-03T18:00:00Z",916732278,810776109,"0.5012967514416928",0
"2019-05-03T19:00:00Z",903529290,815633114,"0.16771615655359734",0
"2019-05-03T20:00:00Z",869875766,839608026,0,0
"2019-05-03T21:00:00Z",877268278,963692359,"-0.27949429249550806",0
"2019-05-03T22:00:00Z",901985353,905828543,0,0
"2019-05-03T23:00:00Z",820902488,817579119,0,0
"2019-05-04T00:00:00Z",839550728,842202948,0,0
"2019-05-04T01:00:00Z",697140933,659721145,0,0
"2019-05-04T02:00:00Z",725116765,722122204,0,0
"2019-05-04T03:00:00Z",718391605,733766443,0,0
"2019-05-04T04:00:00Z",734634539,703733119,0,0
"2019-05-04T05:00:00Z",961618771,922241034,0,0
"2019-05-04T06:00:00Z",973519876,943325352,0,0
"2019-05-04T07:00:00Z",931452710,963709930,0,0
"2019-05-04T08:00:00Z",936782632,926920313,0,0
"2019-05-04T09:00:00Z",902828719,973987058,0,0
"2019-05-04T10:00:00Z",956018750,899927470,0,0
"2019-05-04T11:00:00Z",901050381,934033855,0,0
"2019-05-04T12:00:00Z",986348136,891078758,"0.30390432099064785",0
"2019-05-04T13:00:00Z",888182919,902327091,0,0
"2019-05-04T14:00:00Z",895773023,935399922,0,0
"2019-05-04T15:00:00Z",860244868,833741778,0,0
"2019-05-04T16:00:00Z",894638180,868297498,0,0
"2019-05-04T17:00:00Z",932630230,924570125,0,0
"2019-05-04T18:00:00Z",877076050,939614735,0,0
"2019-05-04T19:00:00Z",904708616,855176106,0,0
"2019-05-04T20:00:00Z",885212895,864204455,0,0
"2019-05-04T21:00:00Z",928834714,940088893,0,0
"2019-05-04T22:00:00Z",882928145,885477017,0,0
"2019-05-04T23:00:00Z",897273726,930767987,0,0
"2019-05-05T00:00:00Z",845388269,947891718,"-0.5764913730613784",0
"2019-05-05T01:00:00Z",730597647,753481566,0,0
"2019-05-05T02:00:00Z",733994909,743319851,0,0
"2019-05-05T03:00:00Z",696100730,773768796,"-0.11776463288417649",0
"2019-05-05T04:00:00Z",677795812,780521037,"-0.580587737214088",0
"2019-05-05T05:00:00Z",944003798,1018053693,"-0.05093449941994866",0
"2019-05-05T06:00:00Z",940124451,930826610,0,0
"2019-05-05T07:00:00Z",903070877,961383610,0,0
"2019-05-05T08:00:00Z",966821399,957957722,0,0
"2019-05-05T09:00:00Z",928572732,1007632396,"-0.14346841536288993",0
"2019-05-05T10:00:00Z",968103682,955572286,0,0
"2019-05-05T11:00:00Z",942345100,942430440,0,0
"2019-05-05T12:00:00Z",918154112,992963535,"-0.06496350786103529",0
"2019-05-05T13:00:00Z",908724455,1006444608,"-0.4881405797402798",0
"2019-05-05T14:00:00Z",969661489,978721174,0,0
"2019-05-05T15:00:00Z",869552513,977263921,"-0.6726859843585694",0
"2019-05-05T16:00:00Z",928906452,976726063,0,0
"2019-05-05T17:00:00Z",858754943,776466525,"0.06413697228677083",0
"2019-05-05T18:00:00Z",852800036,893485862,0,0
"2019-05-05T19:00:00Z",956027685,877425622,0,0
"2019-05-05T20:00:00Z",899862034,925234199,0,0
"2019-05-05T21:00:00Z",914327713,933873586,0,0
"2019-05-05T22:00:00Z",868670704,934443479,0,0
"2019-05-05T23:00:00Z",863683195,930252167,0,0
"2019-05-06T00:00:00Z",905245396,918695020,0,0
"2019-05-06T01:00:00Z",698524204,785937427,"-0.29776443781558304",0
"2019-05-06T02:00:00Z",751378763,780949574,0,0
"2019-05-06T03:00:00Z",788098393,807391430,0,0
"2019-05-06T04:00:00Z",718327017,739816775,0,0
"2019-05-06T05:00:00Z",457637899,503066152,0,0
"2019-05-06T06:00:00Z",407128034,450789237,0,0
"2019-05-06T07:00:00Z",427965408,450791477,0,0
"2019-05-06T08:00:00Z",416582611,461538221,0,0
"2019-05-06T09:00:00Z",405735621,420605299,0,0
"2019-05-06T10:00:00Z",475934081,508388772,0,0
"2019-05-06T11:00:00Z",391911247,422420194,0,0
"2019-05-06T12:00:00Z",382779518,486230478,"-0.5939925529940308",0
"2019-05-06T13:00:00Z",418150700,509154234,"-0.3640799766596015",0
"2019-05-06T14:00:00Z",439492547,440590957,0,0
"2019-05-06T15:00:00Z",344212429,436209894,"-0.38243856621289407",0
"2019-05-06T16:00:00Z",385151272,398047149,0,0
"2019-05-06T17:00:00Z",402634638,537753963,"-1.1789292254564947",0
"2019-05-06T18:00:00Z",348130418,424510374,"-0.09397233410938484",0
"2019-05-06T19:00:00Z",330143017,449308692,"-0.8842542571142157",0
"2019-05-06T20:00:00Z",412007535,384917009,0,0
"2019-05-06T21:00:00Z",354978767,393124060,0,0
"2019-05-06T22:00:00Z",383963655,451471221,0,0
"2019-05-06T23:00:00Z",426783985,398097017,0,0
"2019-05-07T00:00:00Z",402920595,479170002,"-0.09156100569615545",0
"2019-05-07T01:00:00Z",216671778,305958421,"-0.3323677948754185",0
"2019-05-07T02:00:00Z",186952988,239657577,0,0
"2019-05-07T03:00:00Z",256555183,303003481,0,0
"2019-05-07T04:00:00Z",237640219,277530138,0,0
"2019-05-07T05:00:00Z",459615281,470459899,0,0
"2019-05-07T06:00:00Z",450916734,455307042,0,0
"2019-05-07T07:00:00Z",439791726,497919841,0,0
"2019-05-07T08:00:00Z",407339745,472090343,0,0
"2019-05-07T09:00:00Z",460514032,522245900,0,0
"2019-05-07T10:00:00Z",473271204,468673483,0,0
"2019-05-07T11:00:00Z",42271963,526325565,"-7.623987358317351","-1"
"2019-05-07T12:00:00Z",452867549,543867955,"-0.36402219325240215",0
"2019-05-07T13:00:00Z",433833905,475005479,0,0
"2019-05-07T14:00:00Z",412908587,452540132,0,0
"2019-05-07T15:00:00Z",399529976,466641755,0,0
"2019-05-07T16:00:00Z",351788448,429435883,"-0.11738356450687881",0
"2019-05-07T17:00:00Z",357793541,486191096,"-1.0547734798329436",0
"2019-05-07T18:00:00Z",420058661,411308877,0,0
"2019-05-07T19:00:00Z",388618694,471473364,"-0.2135647986837754",0
"2019-05-07T20:00:00Z",344244340,451967634,"-0.6729055307907593",0
"2019-05-07T21:00:00Z",384677308,460959999,"-0.09217578261917596",0
"2019-05-07T22:00:00Z",350548288,420735515,0,0
"2019-05-07T23:00:00Z",433051287,511251366,"-0.1275912819676799",0
"2019-05-08T00:00:00Z",434604199,495208287,0,0
"2019-05-08T01:00:00Z",227336212,299834266,"-0.02227091970648288",0
"2019-05-08T02:00:00Z",181142300,285379985,"-0.6085239170180202",0
"2019-05-08T03:00:00Z",225420990,338118899,"-0.764790119819126",0
"2019-05-08T04:00:00Z",242379095,347397372,"-0.6229419872636673",0
"2019-05-08T05:00:00Z",1022669703,1045330030,0,0
"2019-05-08T06:00:00Z",953364734,907081787,0,0
"2019-05-08T07:00:00Z",1033085221,962846024,0,0
"2019-05-08T08:00:00Z",969714599,941125848,0,0
"2019-05-08T09:00:00Z",1013729943,1003225001,0,0
"2019-05-08T10:00:00Z",981345529,986993531,0,0
"2019-05-08T11:00:00Z",1037288750,953640852,"0.08924752394030556",0
"2019-05-08T12:00:00Z",991165062,951488710,0,0
"2019-05-08T13:00:00Z",984493550,919739290,0,0
"2019-05-08T14:00:00Z",978367044,903996559,0,0
"2019-05-08T15:00:00Z",938879683,898737186,0,0
"2019-05-08T16:00:00Z",955831823,905896940,0,0
"2019-05-08T17:00:00Z",905906975,877627852,0,0
"2019-05-08T18:00:00Z",957606717,955267929,0,0
"2019-05-08T19:00:00Z",929509010,886385884,0,0
"2019-05-08T20:00:00Z",1002659157,906188849,"0.3260863181185105",0
"2019-05-08T21:00:00Z",935735110,934139335,0,0
"2019-05-08T22:00:00Z",930332470,941238561,0,0
"2019-05-08T23:00:00Z",956107825,894695668,0,0
"2019-05-09T00:00:00Z",984858191,964549118,0,0
"2019-05-09T01:00:00Z",855085656,718118049,"1.0740995342448576",0
"2019-05-09T02:00:00Z",753446631,758006632,0,0
"2019-05-09T03:00:00Z",806497013,742009979,0,0
"2019-05-09T04:00:00Z",799747641,709336229,"0.21417430965073",0
"2019-05-09T05:00:00Z",1026442326,992804371,0,0
"2019-05-09T06:00:00Z",1077848994,948807213,"0.9277040255735892",0
"2019-05-09T07:00:00Z",1042074279,965618324,0,0
"2019-05-09T08:00:00Z",989569304,1029397090,0,0
"2019-05-09T09:00:00Z",1057453529,973355738,"0.09755734559804624",0
"2019-05-09T10:00:00Z",1057338096,957508936,"0.38812664544402214",0
"2019-05-09T11:00:00Z",1067745732,1036884402,0,0
"2019-05-09T12:00:00Z",1039937078,991582652,0,0
"2019-05-09T13:00:00Z",634395781,1025279198,"-5.903069409478549","-1"
"2019-05-09T14:00:00Z",1038853034,1026271804,0,0
"2019-05-09T15:00:00Z",988661138,926534042,0,0
"2019-05-09T16:00:00Z",971145433,987730962,0,0
"2019-05-09T17:00:00Z",1020524701,905982809,"0.6598810111770272",0
"2019-05-09T18:00:00Z",1023040605,916912912,"0.5044649220500946",0
"2019-05-09T19:00:00Z",1026067148,941490593,"0.10640045746028724",0
"2019-05-09T20:00:00Z",974899180,966245825,0,0
"2019-05-09T21:00:00Z",925481646,895507457,0,0
"2019-05-09T22:00:00Z",1008014066,1002210736,0,0
"2019-05-09T23:00:00Z",978065792,940054608,0,0
"2019-05-10T00:00:00Z",976248064,983716099,0,0
"2019-05-10T01:00:00Z",788591993,843736568,0,0
"2019-05-10T02:00:00Z",819890342,776034681,0,0
"2019-05-10T03:00:00Z",776408096,830159033,0,0
"2019-05-10T04:00:00Z",826110086,836114646,0,0
"2019-05-10T05:00:00Z",1034936595,1059972741,0,0
"2019-05-10T06:00:00Z",1039212114,991908504,0,0
"2019-05-10T07:00:00Z",1022464025,1023914112,0,0
"2019-05-10T08:00:00Z",1075642770,985686058,"0.20577568745016528",0
"2019-05-10T09:00:00Z",1055035913,1066345165,0,0
"2019-05-10T10:00:00Z",1061634536,1017232741,0,0
"2019-05-10T11:00:00Z",1076072442,1065217189,0,0
"2019-05-10T12:00:00Z",1061904372,993700729,0,0
"2019-05-10T13:00:00Z",1051809129,995627581,0,0
"2019-05-10T14:00:00Z",1055544997,1056246449,0,0
"2019-05-10T15:00:00Z",1039038521,951499088,"0.1611268681785681",0
"2019-05-10T16:00:00Z",946540104,958672814,0,0
"2019-05-10T17:00:00Z",982693333,992507465,0,0
"2019-05-10T18:00:00Z",1040505474,935129685,"0.4905767434238082",0
"2019-05-10T19:00:00Z",963020903,939986689,0,0
"2019-05-10T20:00:00Z",1017382900,963961601,0,0
"2019-05-10T21:00:00Z",974943158,1088045934,"-0.7722682995246348",0
"2019-05-10T22:00:00Z",986877436,1030182118,0,0
"2019-05-10T23:00:00Z",977686629,941932695,0,0
"2019-05-11T00:00:00Z",946411386,966556524,0,0
"2019-05-11T01:00:00Z",818997628,784074720,0,0
"2019-05-11T02:00:00Z",799954180,846475779,0,0
"2019-05-11T03:00:00Z",862299582,858120018,0,0
"2019-05-11T04:00:00Z",836341534,828086694,0,0
"2019-05-11T05:00:00Z",1025090070,1046594609,0,0
"2019-05-11T06:00:00Z",1007907120,1067678928,0,0
"2019-05-11T07:00:00Z",1027324682,1088063506,0,0
"2019-05-11T08:00:00Z",1016950649,1051273888,0,0
"2019-05-11T09:00:00Z",1090135061,1098340633,0,0
"2019-05-11T10:00:00Z",1066631292,1024281045,0,0
"2019-05-11T11:00:00Z",1087552149,1058387430,0,0
"2019-05-11T12:00:00Z",1011146902,1015432333,0,0
"2019-05-11T13:00:00Z",1096276461,1026680667,0,0
"2019-05-11T14:00:00Z",1053690335,1059753498,0,0
"2019-05-11T15:00:00Z",1026041317,958095353,0,0
"2019-05-11T16:00:00Z",995544290,992651073,0,0
"2019-05-11T17:00:00Z",964045673,1048923700,"-0.25093760912577723",0
"2019-05-11T18:00:00Z",1007207382,1063968310,0,0
"2019-05-11T19:00:00Z",976018535,979529681,0,0
"2019-05-11T20:00:00Z",1044530213,988558031,0,0
"2019-05-11T21:00:00Z",1056525176,1064442469,0,0
"2019-05-11T22:00:00Z",1009998583,1009830592,0,0
"2019-05-11T23:00:00Z",1020296930,1055121562,0,0
"2019-05-12T00:00:00Z",996836955,1072245293,"-0.07602588431787634",0
"2019-05-12T01:00:00Z",858490388,877835141,0,0
"2019-05-12T02:00:00Z",830213157,867673426,0,0
"2019-05-12T03:00:00Z",845167877,898122372,0,0
"2019-05-12T04:00:00Z",837203412,904874613,0,0
"2019-05-12T05:00:00Z",1100015423,1142407268,0,0
"2019-05-12T06:00:00Z",1074240368,1055180185,0,0
"2019-05-12T07:00:00Z",1085046504,1085737185,0,0
"2019-05-12T08:00:00Z",1119540427,1082311297,0,0
"2019-05-12T09:00:00Z",1066062542,1131985972,0,0
"2019-05-12T10:00:00Z",1111993335,1079925862,0,0
"2019-05-12T11:00:00Z",1074743022,1066784015,0,0
"2019-05-12T12:00:00Z",1075393902,1117317110,0,0
"2019-05-12T13:00:00Z",1096429594,1130798183,0,0
"2019-05-12T14:00:00Z",1104942722,1103074749,0,0
"2019-05-12T15:00:00Z",1043375756,1101617496,0,0
"2019-05-12T16:00:00Z",1004789142,1101079639,"-0.46173383894321646",0
"2019-05-12T17:00:00Z",1009115136,900820101,"0.5444972403123636",0
"2019-05-12T18:00:00Z",1036882213,1017839437,0,0
"2019-05-12T19:00:00Z",998556234,1001779197,0,0
"2019-05-12T20:00:00Z",1061527144,1049587774,0,0
"2019-05-12T21:00:00Z",1059037422,1058227161,0,0
"2019-05-12T22:00:00Z",982935955,1058797054,"-0.08438868967444167",0
"2019-05-12T23:00:00Z",1070078489,1054605743,0,0
"2019-05-13T00:00:00Z",1074805675,1043048596,0,0
"2019-05-13T01:00:00Z",823993813,910291002,"-0.27715052104596016",0
"2019-05-13T02:00:00Z",845965247,905303149,0,0
"2019-05-13T03:00:00Z",908350645,931745005,0,0
"2019-05-13T04:00:00Z",909155856,864170350,0,0
"2019-05-13T05:00:00Z",594596972,627419727,0,0
"2019-05-13T06:00:00Z",588339826,575142813,0,0
"2019-05-13T07:00:00Z",513974580,575145053,0,0
"2019-05-13T08:00:00Z",498608477,585891796,"-0.29536502560426325",0
"2019-05-13T09:00:00Z",564220831,544958874,0,0
"2019-05-13T10:00:00Z",526136510,632742347,"-0.6522653302465867",0
"2019-05-13T11:00:00Z",537404241,546773769,0,0
"2019-05-13T12:00:00Z",503702057,610584053,"-0.6573661730939895",0
"2019-05-13T13:00:00Z",562529456,633507810,0,0
"2019-05-13T14:00:00Z",565679688,564944533,0,0
"2019-05-13T15:00:00Z",446033781,560563469,"-0.7986243592979421",0
"2019-05-13T16:00:00Z",493641472,522400724,0,0
"2019-05-13T17:00:00Z",916767394,662107538,"3.247956998067613",1
"2019-05-13T18:00:00Z",467545424,548863949,"-0.18519113438462445",0
"2019-05-13T19:00:00Z",466436663,573662268,"-0.6637128691125138",0
"2019-05-13T20:00:00Z",459461022,509270585,0,0
"2019-05-13T21:00:00Z",486413184,517477635,0,0
"2019-05-13T22:00:00Z",538919515,575824796,0,0
"2019-05-13T23:00:00Z",494288347,522450592,0,0
"2019-05-14T00:00:00Z",503115084,603523577,"-0.5377960868269708",0
"2019-05-14T01:00:00Z",338429270,430311996,"-0.38031925391960514",0
"2019-05-14T02:00:00Z",376607397,364011153,0,0
"2019-05-14T03:00:00Z",335536198,427357057,"-0.3791765220831175",0
"2019-05-14T04:00:00Z",305752110,401883713,"-0.4587989695644088",0
"2019-05-14T05:00:00Z",579716989,594813474,0,0
"2019-05-14T06:00:00Z",607277895,579660617,0,0
"2019-05-14T07:00:00Z",580925641,622273416,0,0
"2019-05-14T08:00:00Z",591887341,596443918,0,0
"2019-05-14T09:00:00Z",535053510,646599476,"-0.7435129324048917",0
"2019-05-14T10:00:00Z",542852243,593027059,0,0
"2019-05-14T11:00:00Z",600980027,650679140,0,0
"2019-05-14T12:00:00Z",572841825,668221530,"-0.44491088870298495",0
"2019-05-14T13:00:00Z",610227565,599359054,0,0
"2019-05-14T14:00:00Z",597944660,576893707,0,0
"2019-05-14T15:00:00Z",478582894,590995330,"-0.7595172364807544",0
"2019-05-14T16:00:00Z",533450021,553789459,0,0
"2019-05-14T17:00:00Z",523528503,610544672,"-0.2904305640256278",0
"2019-05-14T18:00:00Z",483109880,535662452,0,0
"2019-05-14T19:00:00Z",575159745,595826939,0,0
"2019-05-14T20:00:00Z",542252387,576321209,0,0
"2019-05-14T21:00:00Z",545441292,585313574,0,0
"2019-05-14T22:00:00Z",575681208,545089090,0,0
"2019-05-14T23:00:00Z",566276013,635604942,0,0
"2019-05-15T00:00:00Z",572591706,619561863,0,0
"2019-05-15T01:00:00Z",353152221,424187841,0,0
"2019-05-15T02:00:00Z",351089795,409733560,0,0
"2019-05-15T03:00:00Z",402680601,462472474,0,0
"2019-05-15T04:00:00Z",398099696,471750947,"-0.043571265355461714",0
"2019-05-15T05:00:00Z",1124558087,1169683606,0,0
"2019-05-15T06:00:00Z",1094578207,1031435363,0,0
"2019-05-15T07:00:00Z",1149602244,1087199599,0,0
"2019-05-15T08:00:00Z",1127141868,1065479423,0,0
"2019-05-15T09:00:00Z",1188500821,1127578576,0,0
"2019-05-15T10:00:00Z",1171529151,1111347106,0,0
"2019-05-15T11:00:00Z",1137436272,1077994427,0,0
"2019-05-15T12:00:00Z",1134543931,1075842286,0,0
"2019-05-15T13:00:00Z",1102054311,1044092866,0,0
"2019-05-15T14:00:00Z",1085571380,1028350134,0,0
"2019-05-15T15:00:00Z",1079571807,1023090761,0,0
"2019-05-15T16:00:00Z",1085991361,1030250515,0,0
"2019-05-15T17:00:00Z",1056982073,1001981427,0,0
"2019-05-15T18:00:00Z",1133881950,1079621504,0,0
"2019-05-15T19:00:00Z",1064259706,1010739460,0,0
"2019-05-15T20:00:00Z",1083322471,1030542425,0,0
"2019-05-15T21:00:00Z",1110532757,1058492910,0,0
"2019-05-15T22:00:00Z",1116891783,1065592136,0,0
"2019-05-15T23:00:00Z",1069608690,1019049243,0,0
"2019-05-16T00:00:00Z",1138721940,1088902693,0,0
"2019-05-16T01:00:00Z",891550671,842471624,0,0
"2019-05-16T02:00:00Z",930699055,882360208,0,0
"2019-05-16T03:00:00Z",913962202,866363555,0,0
"2019-05-16T04:00:00Z",880548252,833689804,0,0
"2019-05-16T05:00:00Z",1163276194,1117157946,0,0
"2019-05-16T06:00:00Z",1118538836,1073160788,0,0
"2019-05-16T07:00:00Z",1134609747,1089971899,0,0
"2019-05-16T08:00:00Z",1197648313,1153750665,0,0
"2019-05-16T09:00:00Z",1140866762,1097709314,0,0
"2019-05-16T10:00:00Z",1124279760,1081862512,0,0
"2019-05-16T11:00:00Z",1202915026,1161237977,0,0
"2019-05-16T12:00:00Z",1156873076,1115936227,0,0
"2019-05-16T13:00:00Z",1189829422,1149632773,0,0
"2019-05-16T14:00:00Z",1190081828,1150625379,0,0
"2019-05-16T15:00:00Z",1089603867,1050887618,0,0
"2019-05-16T16:00:00Z",1150060587,1112084538,0,0
"2019-05-16T17:00:00Z",1067572234,1030336384,0,0
"2019-05-16T18:00:00Z",1077762137,1041266487,0,0
"2019-05-16T19:00:00Z",1101599618,1065844168,0,0
"2019-05-16T20:00:00Z",1125614650,1090599400,0,0
"2019-05-16T21:00:00Z",1054136082,1019861032,0,0
"2019-05-16T22:00:00Z",1160099162,1126564312,0,0
"2019-05-16T23:00:00Z",1097202834,1064408184,0,0
"2019-05-17T00:00:00Z",1140124125,1108069674,0,0
"2019-05-17T01:00:00Z",999404394,968090143,0,0
"2019-05-17T02:00:00Z",930962307,900388256,0,0
"2019-05-17T03:00:00Z",984346459,954512608,0,0
"2019-05-17T04:00:00Z",989561872,960468221,0,0
"2019-05-17T05:00:00Z",1212679768,1184326317,0,0
"2019-05-17T06:00:00Z",1143875331,1116262080,0,0
"2019-05-17T07:00:00Z",1175140739,1148267687,0,0
"2019-05-17T08:00:00Z",1136172485,1110039633,0,0
"2019-05-17T09:00:00Z",1216091392,1190698740,0,0
"2019-05-17T10:00:00Z",1166238768,1141586316,0,0
"2019-05-17T11:00:00Z",1213483016,1189570764,0,0
"2019-05-17T12:00:00Z",1141226357,1118054305,0,0
"2019-05-17T13:00:00Z",1142413009,1119981157,0,0
"2019-05-17T14:00:00Z",1202291677,1180600024,0,0
"2019-05-17T15:00:00Z",1096804116,1075852663,0,0
"2019-05-17T16:00:00Z",1103237642,1083026389,0,0
"2019-05-17T17:00:00Z",1136332093,1116861040,0,0
"2019-05-17T18:00:00Z",1078214113,1059483260,0,0
"2019-05-17T19:00:00Z",1082330918,1064340265,0,0
"2019-05-17T20:00:00Z",1105565630,1088315177,0,0
"2019-05-17T21:00:00Z",1555286702,1212399509,"4.877577103936046",1
"2019-05-17T22:00:00Z",1170305747,1154535693,0,0
"2019-05-17T23:00:00Z",1081316124,1066286270,0,0
"2019-05-18T00:00:00Z",1105199753,1090910099,0,0
"2019-05-18T01:00:00Z",921977750,908428296,0,0
"2019-05-18T02:00:00Z",983638609,970829355,0,0
"2019-05-18T03:00:00Z",994542648,982473593,0,0
"2019-05-18T04:00:00Z",963769124,952440269,0,0
"2019-05-18T05:00:00Z",1181536839,1170948184,0,0
"2019-05-18T06:00:00Z",1201880958,1192032503,0,0
"2019-05-18T07:00:00Z",1221525336,1212417081,0,0
"2019-05-18T08:00:00Z",1183995519,1175627464,0,0
"2019-05-18T09:00:00Z",1230322064,1222694209,0,0
"2019-05-18T10:00:00Z",1155522276,1148634620,0,0
"2019-05-18T11:00:00Z",1188888461,1182741005,0,0
"2019-05-18T12:00:00Z",1145193164,1139785908,0,0
"2019-05-18T13:00:00Z",1155701298,1151034242,0,0
"2019-05-18T14:00:00Z",1188033929,1184107073,0,0
"2019-05-18T15:00:00Z",1085635585,1082448929,0,0
"2019-05-18T16:00:00Z",1119451105,1117004649,0,0
"2019-05-18T17:00:00Z",1174983532,1173277275,0,0
"2019-05-18T18:00:00Z",1189287942,1188321885,0,0
"2019-05-18T19:00:00Z",1104109113,1103883256,0,0
"2019-05-18T20:00:00Z",1112397263,1112911606,0,0
"2019-05-18T21:00:00Z",1187541501,1188796044,0,0
"2019-05-18T22:00:00Z",1132189425,1134184168,0,0
"2019-05-18T23:00:00Z",1176740195,1179475138,0,0
"2019-05-19T00:00:00Z",1193123726,1196598868,0,0
"2019-05-19T01:00:00Z",997973374,1002188716,0,0
"2019-05-19T02:00:00Z",987071459,992027001,0,0
"2019-05-19T03:00:00Z",1016780205,1022475947,0,0
"2019-05-19T04:00:00Z",1022792246,1029228188,0,0
"2019-05-19T05:00:00Z",1259584702,1266760844,0,0
"2019-05-19T06:00:00Z",1171617419,1179533761,0,0
"2019-05-19T07:00:00Z",1201434219,1210090760,0,0
"2019-05-19T08:00:00Z",1197268131,1206664872,0,0
"2019-05-19T09:00:00Z",1246202606,1256339547,0,0
"2019-05-19T10:00:00Z",1193402296,1204279437,0,0
"2019-05-19T11:00:00Z",1179520250,1191137591,0,0
"2019-05-19T12:00:00Z",1229313145,1241670686,0,0
"2019-05-19T13:00:00Z",1242054018,1255151758,0,0
"2019-05-19T14:00:00Z",1213590384,1227428324,0,0
"2019-05-19T15:00:00Z",1211392931,1225971071,0,0
"2019-05-19T16:00:00Z",1210114874,1225433214,0,0
"2019-05-19T17:00:00Z",1143940643,1025173676,"0.7379210826435185",0
"2019-05-19T18:00:00Z",1125394273,1142193013,0,0
"2019-05-19T19:00:00Z",1108593833,1126132773,0,0
"2019-05-19T20:00:00Z",1155662210,1173941349,0,0
"2019-05-19T21:00:00Z",1163561397,1182580736,0,0
"2019-05-19T22:00:00Z",1163391090,1183150629,0,0
"2019-05-19T23:00:00Z",1158459579,1178959318,0,0
"2019-05-20T00:00:00Z",1146162232,1167402171,0,0
"2019-05-20T01:00:00Z",1012664439,1034644578,0,0
"2019-05-20T02:00:00Z",1006936386,1029656725,0,0
"2019-05-20T03:00:00Z",1032638042,1056098580,0,0
"2019-05-20T04:00:00Z",964323187,988523925,0,0
"2019-05-20T05:00:00Z",726832364,751773302,0,0
"2019-05-20T06:00:00Z",673815250,699496388,0,0
"2019-05-20T07:00:00Z",673077290,699498628,0,0
"2019-05-20T08:00:00Z",683083834,710245372,0,0
"2019-05-20T09:00:00Z",641410712,669312450,0,0
"2019-05-20T10:00:00Z",728453985,757095922,0,0
"2019-05-20T11:00:00Z",641745207,671127344,0,0
"2019-05-20T12:00:00Z",704815291,734937628,0,0
"2019-05-20T13:00:00Z",726998848,757861385,0,0
"2019-05-20T14:00:00Z",657695371,689298108,0,0
"2019-05-20T15:00:00Z",652574108,684917045,0,0
"2019-05-20T16:00:00Z",613671163,646754300,0,0
"2019-05-20T17:00:00Z",603748816,786461113,"-2.0580044406999747",0
"2019-05-20T18:00:00Z",638653988,673217524,0,0
"2019-05-20T19:00:00Z",662712107,698015843,0,0
"2019-05-20T20:00:00Z",597580224,633624160,0,0
"2019-05-20T21:00:00Z",605047075,641831211,0,0
"2019-05-20T22:00:00Z",662654036,700178372,0,0
"2019-05-20T23:00:00Z",608539632,646804167,0,0
"2019-05-21T00:00:00Z",688872417,727877152,0,0
"2019-05-21T01:00:00Z",514920636,554665571,0,0
"2019-05-21T02:00:00Z",447879593,488364728,0,0
"2019-05-21T03:00:00Z",510485297,551710632,0,0
"2019-05-21T04:00:00Z",484271754,526237289,0,0
"2019-05-21T05:00:00Z",676461315,719167050,0,0
"2019-05-21T06:00:00Z",660568258,704014192,0,0
"2019-05-21T07:00:00Z",702440857,746626991,0,0
"2019-05-21T08:00:00Z",675871159,720797493,0,0
"2019-05-21T09:00:00Z",725286517,770953051,0,0
"2019-05-21T10:00:00Z",670973900,717380634,0,0
"2019-05-21T11:00:00Z",727885782,775032716,0,0
"2019-05-21T12:00:00Z",744687972,792575106,0,0
"2019-05-21T13:00:00Z",675085296,723712629,0,0
"2019-05-21T14:00:00Z",651879749,701247282,0,0
"2019-05-21T15:00:00Z",665241172,715348905,0,0
"2019-05-21T16:00:00Z",627295101,678143034,0,0
"2019-05-21T17:00:00Z",683310114,734898247,0,0
"2019-05-21T18:00:00Z",607687695,660016028,0,0
"2019-05-21T19:00:00Z",667111982,720180515,0,0
"2019-05-21T20:00:00Z",646866052,700674784,0,0
"2019-05-21T21:00:00Z",655118217,709667149,0,0
"2019-05-21T22:00:00Z",614153533,669442665,0,0
"2019-05-21T23:00:00Z",703929185,759958517,0,0
"2019-05-22T00:00:00Z",687145906,743915438,0,0
"2019-05-22T01:00:00Z",491031685,548541417,0,0
"2019-05-22T02:00:00Z",475837204,534087136,0,0
"2019-05-22T03:00:00Z",527835918,586826049,0,0
"2019-05-22T04:00:00Z",536374191,596104522,0,0
"2019-05-22T05:00:00Z",1233566650,1294037181,0,0
"2019-05-22T06:00:00Z",1302272008,1155788938,"1.2498567291822524",0
"2019-05-22T07:00:00Z",1289104217,1211553175,0,0
"2019-05-22T08:00:00Z",1281107991,1189832999,"0.23012524015401398",0
"2019-05-22T09:00:00Z",1278953301,1251932151,0,0
"2019-05-22T10:00:00Z",1232111868,1235700681,0,0
"2019-05-22T11:00:00Z",1294651802,1202348002,"0.24912802720293498",0
"2019-05-22T12:00:00Z",1240461427,1200195861,0,0
"2019-05-22T13:00:00Z",1305202257,1168446441,"1.0701876012661355",0
"2019-05-22T14:00:00Z",1296015157,1152703710,"1.191274655714387",0
"2019-05-22T15:00:00Z",1265505042,1147444337,"0.7248759391001222",0
"2019-05-22T16:00:00Z",1203512594,1154604090,0,0
"2019-05-22T17:00:00Z",1255884232,1126335002,"0.9370769515620605",0
"2019-05-22T18:00:00Z",1231314521,1203975079,0,0
"2019-05-22T19:00:00Z",1186407921,1135093035,0,0
"2019-05-22T20:00:00Z",1166835959,1154896000,0,0
"2019-05-22T21:00:00Z",1205765612,1182846486,0,0
"2019-05-22T22:00:00Z",1166356313,1189945712,0,0
"2019-05-22T23:00:00Z",1223852614,1143402818,"0.030176346730040837",0
"2019-05-23T00:00:00Z",1269667059,1213256268,0,0
"2019-05-23T01:00:00Z",1041230333,966825199,0,0
"2019-05-23T02:00:00Z",1108569577,1006713783,"0.42555998571461534",0
"2019-05-23T03:00:00Z",1032000916,990717130,0,0
"2019-05-23T04:00:00Z",1055812151,958043380,"0.35006984146983583",0
"2019-05-23T05:00:00Z",1234663961,1241511522,0,0
"2019-05-23T06:00:00Z",1293752411,1197514363,"0.3217963128725348",0
"2019-05-23T07:00:00Z",1312405451,1214325474,"0.35581802183078254",0
"2019-05-23T08:00:00Z",1272792567,1278104240,0,0
"2019-05-23T09:00:00Z",1244937177,1222062889,0,0
"2019-05-23T10:00:00Z",1228548121,1206216087,0,0
"2019-05-23T11:00:00Z",1246364826,1285591553,0,0
"2019-05-23T12:00:00Z",1327024928,1240289803,"0.1462707498821622",0
"2019-05-23T13:00:00Z",1243726839,1273986348,0,0
"2019-05-23T14:00:00Z",1246608903,1274978954,0,0
"2019-05-23T15:00:00Z",1266850172,1175241193,"0.23629420357801095",0
"2019-05-23T16:00:00Z",1250452305,1236438113,0,0
"2019-05-23T17:00:00Z",1236222417,1154689960,"0.05017385832624552",0
"2019-05-23T18:00:00Z",1261777865,1165620063,"0.32031412772434303",0
"2019-05-23T19:00:00Z",1241712737,1190197743,0,0
"2019-05-23T20:00:00Z",1188691842,1214952975,0,0
"2019-05-23T21:00:00Z",1290406309,1144214607,"1.2444749552580923",0
"2019-05-23T22:00:00Z",1237931166,1250917887,0,0
"2019-05-23T23:00:00Z",1286266734,1188761759,"0.345197342583637",0
"2019-05-24T00:00:00Z",1254724526,1232423250,0,0
"2019-05-24T01:00:00Z",1024325551,1092443719,0,0
"2019-05-24T02:00:00Z",1129096497,1024741831,"0.4717158761629663",0
"2019-05-24T03:00:00Z",1094744542,1078866183,0,0
"2019-05-24T04:00:00Z",1106153922,1084821796,0,0
"2019-05-24T05:00:00Z",1271645012,1308679892,0,0
"2019-05-24T06:00:00Z",1347794452,1240615655,"0.5238795454936561",0
"2019-05-24T07:00:00Z",1351655119,1272621263,"0.004022965855414832",0
"2019-05-24T08:00:00Z",1334942686,1234393209,"0.40143141225356044",0
"2019-05-24T09:00:00Z",1251176674,1315052315,0,0
"2019-05-24T10:00:00Z",1269615109,1265939891,0,0
"2019-05-24T11:00:00Z",1344451748,1313924339,0,0
"2019-05-24T12:00:00Z",1314975114,1242407880,0,0
"2019-05-24T13:00:00Z",1337578152,1244334732,"0.2664834669006762",0
"2019-05-24T14:00:00Z",1348381350,1304953600,0,0
"2019-05-24T15:00:00Z",1299125075,1200206239,"0.3713123424751568",0
"2019-05-24T16:00:00Z",1261105761,1207379964,0,0
"2019-05-24T17:00:00Z",1295117140,1241214615,0,0
"2019-05-24T18:00:00Z",1275566823,1183836835,"0.23852932321769665",0
"2019-05-24T19:00:00Z",1218600630,1188693840,0,0
"2019-05-24T20:00:00Z",1205956592,1212668752,0,0
"2019-05-24T21:00:00Z",1228909763,1336753085,"-0.6751225282186517",0
"2019-05-24T22:00:00Z",1280308251,1278889269,0,0
"2019-05-24T23:00:00Z",1293029712,1190639845,"0.43542467743939195",0
"2019-05-25T00:00:00Z",1209380432,1215263674,0,0
"2019-05-25T01:00:00Z",1119365150,1032781871,"0.14346603864032054",0
"2019-05-25T02:00:00Z",1060920766,1095182930,0,0
"2019-05-25T03:00:00Z",1061436742,1106827169,0,0
"2019-05-25T04:00:00Z",1094057836,1076793845,0,0
"2019-05-25T05:00:00Z",1338597036,1295301759,0,0
"2019-05-25T06:00:00Z",1313165433,1316386078,0,0
"2019-05-25T07:00:00Z",1363214977,1336770656,0,0
"2019-05-25T08:00:00Z",1291210639,1299981039,0,0
"2019-05-25T09:00:00Z",1301482144,1347047784,0,0
"2019-05-25T10:00:00Z",1298243874,1272988196,0,0
"2019-05-25T11:00:00Z",1324592383,1307094581,0,0
"2019-05-25T12:00:00Z",1346187572,1264139483,"0.05969792655597167",0
"2019-05-25T13:00:00Z",1346602309,1275387817,0,0
"2019-05-25T14:00:00Z",1307023171,1308460648,0,0
"2019-05-25T15:00:00Z",1246832320,1206802504,0,0
"2019-05-25T16:00:00Z",1320019656,1241358224,0,0
"2019-05-25T17:00:00Z",1322110891,1297630851,0,0
"2019-05-25T18:00:00Z",1289406441,1312675461,0,0
"2019-05-25T19:00:00Z",1245116093,1228236831,0,0
"2019-05-25T20:00:00Z",1233689715,1237265181,0,0
"2019-05-25T21:00:00Z",1246103258,1313149619,0,0
"2019-05-25T22:00:00Z",1282225691,1258537743,0,0
"2019-05-25T23:00:00Z",1324849514,1303828713,0,0
"2019-05-26T00:00:00Z",1264425198,1320952444,0,0
"2019-05-26T01:00:00Z",1085445814,1126542292,0,0
"2019-05-26T02:00:00Z",1103826656,1116380576,0,0
"2019-05-26T03:00:00Z",1135021543,1146829522,0,0
"2019-05-26T04:00:00Z",1093951930,1153581763,0,0
"2019-05-26T05:00:00Z",1768911488,1391114419,"5.522386735819233",1
"2019-05-26T06:00:00Z",1344644367,1303887336,0,0
"2019-05-26T07:00:00Z",1325119826,1334444336,0,0
"2019-05-26T08:00:00Z",1352683245,1331018448,0,0
"2019-05-26T09:00:00Z",1388311605,1380693122,0,0
"2019-05-26T10:00:00Z",1386178294,1328633012,0,0
"2019-05-26T11:00:00Z",1314885144,1315491166,0,0
"2019-05-26T12:00:00Z",1390097286,1366024261,0,0
"2019-05-26T13:00:00Z",1340372349,1379505334,0,0
"2019-05-26T14:00:00Z",1308315998,1351781900,0,0
"2019-05-26T15:00:00Z",1248477459,1350324646,"-0.5643697708721402",0
"2019-05-26T16:00:00Z",1307770976,1349786789,0,0
"2019-05-26T17:00:00Z",1277794700,1149527251,"0.9134015696509249",0
"2019-05-26T18:00:00Z",1301026627,1266546588,0,0
"2019-05-26T19:00:00Z",1275879844,1250486348,0,0
"2019-05-26T20:00:00Z",1337627540,1298294925,0,0
"2019-05-26T21:00:00Z",1266847511,1306934312,0,0
"2019-05-26T22:00:00Z",1250826284,1307504204,0,0
"2019-05-26T23:00:00Z",1250775463,1303312893,0,0
"2019-05-27T00:00:00Z",1303065742,1291755746,0,0
"2019-05-27T01:00:00Z",1083159258,1158998153,"-0.08397856888525577",0
"2019-05-27T02:00:00Z",1075790124,1154010300,"-0.12796247795861856",0
"2019-05-27T03:00:00Z",1124244637,1180452156,0,0
"2019-05-27T04:00:00Z",1142869516,1112877501,0,0
"2019-05-27T05:00:00Z",844634233,876126877,0,0
"2019-05-27T06:00:00Z",831852994,823849963,0,0
"2019-05-27T07:00:00Z",858119325,823852203,0,0
"2019-05-27T08:00:00Z",756699030,834598947,"-0.12204707425745016",0
"2019-05-27T09:00:00Z",859346504,793666025,0,0
"2019-05-27T10:00:00Z",782955826,881449498,"-0.5024280080538155",0
"2019-05-27T11:00:00Z",766149662,795480920,0,0
"2019-05-27T12:00:00Z",820109225,859291203,0,0
"2019-05-27T13:00:00Z",843569927,882214960,0,0
"2019-05-27T14:00:00Z",862042352,813651683,0,0
"2019-05-27T15:00:00Z",772626268,809270620,0,0
"2019-05-27T16:00:00Z",741265353,771107875,0,0
"2019-05-27T17:00:00Z",752637777,910814689,"-1.6048188482003167",0
"2019-05-27T18:00:00Z",711080800,797571100,"-0.28071739808856017",0
"2019-05-27T19:00:00Z",787329634,822369418,0,0
"2019-05-27T20:00:00Z",760437876,757977735,0,0
"2019-05-27T21:00:00Z",775861416,766184786,0,0
"2019-05-27T22:00:00Z",707501549,824531947,"-0.8448141991817422",0
"2019-05-27T23:00:00Z",786003450,771157743,0,0
"2019-05-28T00:00:00Z",782503059,852230728,0,0
"2019-05-28T01:00:00Z",651765460,679019146,0,0
"2019-05-28T02:00:00Z",613346276,612718303,0,0
"2019-05-28T03:00:00Z",641089364,676064207,0,0
"2019-05-28T04:00:00Z",588356946,650590864,0,0
"2019-05-28T05:00:00Z",825822420,843520625,0,0
"2019-05-28T06:00:00Z",820488600,828367768,0,0
"2019-05-28T07:00:00Z",839810018,870980567,0,0
"2019-05-28T08:00:00Z",816681132,845151068,0,0
"2019-05-28T09:00:00Z",806727645,895306626,"-0.3192967995816499",0
"2019-05-28T10:00:00Z",862121762,841734209,0,0
"2019-05-28T11:00:00Z",850428593,899386291,0,0
"2019-05-28T12:00:00Z",833831322,916928681,"-0.21804743089093848",0
"2019-05-28T13:00:00Z",837988090,848066205,0,0
"2019-05-28T14:00:00Z",882639328,825600858,0,0
"2019-05-28T15:00:00Z",812175783,839702480,0,0
"2019-05-28T16:00:00Z",788758153,802496609,0,0
"2019-05-28T17:00:00Z",736528580,859251822,"-0.9499649803610968",0
"2019-05-28T18:00:00Z",763329213,784369603,0,0
"2019-05-28T19:00:00Z",782038749,844534090,0,0
"2019-05-28T20:00:00Z",792206615,825028360,0,0
"2019-05-28T21:00:00Z",812923462,834020725,0,0
"2019-05-28T22:00:00Z",737361821,793796240,0,0
"2019-05-28T23:00:00Z",808975990,884312092,"-0.07469163774018356",0
"2019-05-29T00:00:00Z",806454559,868269013,0,0
"2019-05-29T01:00:00Z",654882781,672894992,0,0
"2019-05-29T02:00:00Z",595837479,658440711,0,0
"2019-05-29T03:00:00Z",615062385,711179625,"-0.45853366008653945",0
"2019-05-29T04:00:00Z",605973282,720458097,"-0.7977955263324449",0
"2019-05-29T05:00:00Z",1368926432,1418390756,0,0
"2019-05-29T06:00:00Z",1355926496,1280142513,0,0
"2019-05-29T07:00:00Z",1348926724,1335906750,0,0
"2019-05-29T08:00:00Z",1337306282,1314186574,0,0
"2019-05-29T09:00:00Z",1410566043,1376285727,0,0
"2019-05-29T10:00:00Z",1341735073,1360054257,0,0
"2019-05-29T11:00:00Z",1343795224,1326701577,0,0
"2019-05-29T12:00:00Z",1435220844,1324549436,"0.5883904846234578",0
"2019-05-29T13:00:00Z",1379367502,1292800016,"0.14317432887426787",0
"2019-05-29T14:00:00Z",1384310206,1277057285,"0.5252486640131603",0
"2019-05-29T15:00:00Z",1365457344,1271797912,"0.27416749609191027",0
"2019-05-29T16:00:00Z",1360152030,1278957666,"0.043929046743704514",0
"2019-05-29T17:00:00Z",1366919111,1250688578,"0.6910713929162053",0
"2019-05-29T18:00:00Z",1376774721,1328328654,0,0
"2019-05-29T19:00:00Z",1338677133,1259446610,"0.0076555309810956386",0
"2019-05-29T20:00:00Z",1379408603,1279249575,"0.39421953761984835",0
"2019-05-29T21:00:00Z",1326759966,1307200061,0,0
"2019-05-29T22:00:00Z",1337344137,1314299287,0,0
"2019-05-29T23:00:00Z",1365622686,1267756394,"0.35187112154754885",0
"2019-05-30T00:00:00Z",1390260265,1337609844,0,0
"2019-05-30T01:00:00Z",1162133464,1091178774,0,0
"2019-05-30T02:00:00Z",1191190594,1131067358,0,0
"2019-05-30T03:00:00Z",1172019258,1115070705,0,0
"2019-05-30T04:00:00Z",1209471254,1082396955,"0.8913632654077939",0
"2019-05-30T05:00:00Z",1418034087,1365865097,0,0
"2019-05-30T06:00:00Z",1363742046,1321867939,0,0
"2019-05-30T07:00:00Z",1425275938,1338679050,"0.14371741617181408",0
"2019-05-30T08:00:00Z",1432759288,1402457815,0,0
"2019-05-30T09:00:00Z",1380549618,1346416464,0,0
"2019-05-30T10:00:00Z",1398671177,1330569662,0,0
"2019-05-30T11:00:00Z",1405068973,1409945128,0,0
"2019-05-30T12:00:00Z",1385686319,1364643378,0,0
"2019-05-30T13:00:00Z",1409991781,1398339924,0,0
"2019-05-30T14:00:00Z",1447319641,1399332529,0,0
"2019-05-30T15:00:00Z",1380666340,1299594768,"0.041660981938722204",0
"2019-05-30T16:00:00Z",1333216667,1360791688,0,0
"2019-05-30T17:00:00Z",1322760361,1279043535,0,0
"2019-05-30T18:00:00Z",1398705231,1289973638,"0.5525607636912164",0
"2019-05-30T19:00:00Z",1315549876,1314551319,0,0
"2019-05-30T20:00:00Z",1356737170,1339306551,0,0
"2019-05-30T21:00:00Z",1394306054,1268568182,"0.8666785225121151",0
"2019-05-30T22:00:00Z",1322876966,1375271462,0,0
"2019-05-30T23:00:00Z",1353514970,1313115334,0,0
"2019-05-31T00:00:00Z",1333873537,1356776825,0,0
"2019-05-31T01:00:00Z",1226651039,1216797294,0,0
"2019-05-31T02:00:00Z",1255761136,1149095407,"0.5144028259374206",0
"2019-05-31T03:00:00Z",1231513058,1203219759,0,0
"2019-05-31T04:00:00Z",1168746496,1209175371,0,0
"2019-05-31T05:00:00Z",1416639066,1433033467,0,0
"2019-05-31T06:00:00Z",1427112735,1364969230,0,0
"2019-05-31T07:00:00Z",1461381214,1396974838,0,0
"2019-05-31T08:00:00Z",1412016648,1358746784,0,0
"2019-05-31T09:00:00Z",1447531904,1439405891,0,0
"2019-05-31T10:00:00Z",1477902019,1390293467,"0.1624035514436671",0
"2019-05-31T11:00:00Z",1394862023,1438277914,0,0
"2019-05-31T12:00:00Z",1477340485,1366761455,"0.5866842000058521",0
"2019-05-31T13:00:00Z",1483015065,1368688307,"0.6559073384073493",0
"2019-05-31T14:00:00Z",1443581624,1429307175,0,0
"2019-05-31T15:00:00Z",1404994511,1324559814,"0.029897468729632268",0
"2019-05-31T16:00:00Z",1326704915,1331733540,0,0
"2019-05-31T17:00:00Z",1405705118,1365568191,0,0
"2019-05-31T18:00:00Z",1432086031,1308190410,"0.8326508703511148",0
"2019-05-31T19:00:00Z",1349510015,1313047415,0,0
"2019-05-31T20:00:00Z",1372709257,1337022327,0,0
"2019-05-31T21:00:00Z",1426258965,1461106660,0,0
"2019-05-31T22:00:00Z",1400670563,1403242844,0,0
"2019-05-31T23:00:00Z",1393785274,1314993421,0,0
"2019-06-01T00:00:00Z",1360268291,1339617249,0,0
"2019-06-01T01:00:00Z",1227162238,1157135446,0,0
"2019-06-01T02:00:00Z",1260832816,1219536505,0,0
"2019-06-01T03:00:00Z",1263051135,1231180744,0,0
"2019-06-01T04:00:00Z",1269304066,1201147420,0,0
"2019-06-01T05:00:00Z",1442954939,1419655335,0,0
"2019-06-01T06:00:00Z",1495282173,1440739654,0,0
"2019-06-01T07:00:00Z",1489786658,1461124231,0,0
"2019-06-01T08:00:00Z",1448466267,1424334614,0,0
"2019-06-01T09:00:00Z",1480962739,1471401359,0,0
"2019-06-01T10:00:00Z",1398602833,1397341771,0,0
"2019-06-01T11:00:00Z",1469105751,1431448156,0,0
"2019-06-01T12:00:00Z",1468864803,1388493059,"0.02873468479739842",0
"2019-06-01T13:00:00Z",1412196168,1399741393,0,0
"2019-06-01T14:00:00Z",1400145473,1432814223,0,0
"2019-06-01T15:00:00Z",1439154948,1331156079,"0.5390268361416521",0
"2019-06-01T16:00:00Z",1441755515,1365711799,0,0
"2019-06-01T17:00:00Z",1451670670,1421984426,0,0
"2019-06-01T18:00:00Z",1414405345,1437029036,0,0
"2019-06-01T19:00:00Z",1361733906,1352590407,0,0
"2019-06-01T20:00:00Z",1389770777,1361618757,0,0
"2019-06-01T21:00:00Z",1389767204,1437503194,0,0
"2019-06-01T22:00:00Z",1357535607,1382891318,0,0
"2019-06-01T23:00:00Z",1412196256,1428182288,0,0
"2019-06-02T00:00:00Z",1361244164,1445306019,"-0.235862343112811",0
"2019-06-02T01:00:00Z",1214116379,1250895867,0,0
"2019-06-02T02:00:00Z",1218696527,1240734152,0,0
"2019-06-02T03:00:00Z",1236011876,1271183098,0,0
"2019-06-02T04:00:00Z",1258844480,1277935338,0,0
"2019-06-02T05:00:00Z",1471186871,1515467994,0,0
"2019-06-02T06:00:00Z",1407500147,1428240911,0,0
"2019-06-02T07:00:00Z",1505744090,1458797911,0,0
"2019-06-02T08:00:00Z",1475423157,1455372023,0,0
"2019-06-02T09:00:00Z",1480762935,1505046698,0,0
"2019-06-02T10:00:00Z",1503614110,1452986587,0,0
"2019-06-02T11:00:00Z",1496402547,1439844741,0,0
"2019-06-02T12:00:00Z",1417036285,1490377836,"-0.0378508966808321",0
"2019-06-02T13:00:00Z",1437493594,1503858909,0,0
"2019-06-02T14:00:00Z",1493592827,1476135475,0,0
"2019-06-02T15:00:00Z",1436181558,1474678222,0,0
"2019-06-02T16:00:00Z",1441047945,1474140365,0,0
"2019-06-02T17:00:00Z",993152841,1273880826,"-3.8684221863340524","-1"
"2019-06-02T18:00:00Z",1453223308,1390900163,0,0
"2019-06-02T19:00:00Z",1373485407,1374839923,0,0
"2019-06-02T20:00:00Z",1471798370,1422648500,0,0
"2019-06-02T21:00:00Z",1419431171,1431287887,0,0
"2019-06-02T22:00:00Z",1453799427,1431857780,0,0
"2019-06-02T23:00:00Z",1372937500,1427666469,0,0
"2019-06-03T00:00:00Z",1379938036,1416109321,0,0
"2019-06-03T01:00:00Z",1284457376,1283351728,0,0
"2019-06-03T02:00:00Z",1287902888,1278363875,0,0
"2019-06-03T03:00:00Z",1236144771,1304805731,0,0
"2019-06-03T04:00:00Z",1261400942,1237231076,0,0
"2019-06-03T05:00:00Z",960208787,1000480453,0,0
"2019-06-03T06:00:00Z",939095822,948203539,0,0
"2019-06-03T07:00:00Z",930978685,948205778,0,0
"2019-06-03T08:00:00Z",944830098,958952522,0,0
"2019-06-03T09:00:00Z",925097517,918019600,0,0
"2019-06-03T10:00:00Z",986308242,1005803073,0,0
"2019-06-03T11:00:00Z",919493841,919834495,0,0
"2019-06-03T12:00:00Z",927218360,983644779,0,0
"2019-06-03T13:00:00Z",971499707,1006568536,0,0
"2019-06-03T14:00:00Z",955771283,938005258,0,0
"2019-06-03T15:00:00Z",834582332,933624195,"-0.512553486271235",0
"2019-06-03T16:00:00Z",852630670,895461450,0,0
"2019-06-03T17:00:00Z",874504602,1035168264,"-1.650750850898205",0
"2019-06-03T18:00:00Z",914012315,921924675,0,0
"2019-06-03T19:00:00Z",834761544,946722994,"-0.7511872086651813",0
"2019-06-03T20:00:00Z",908744348,882331310,0,0
"2019-06-03T21:00:00Z",853162780,890538361,0,0
"2019-06-03T22:00:00Z",922265182,948885522,0,0
"2019-06-03T23:00:00Z",859919693,895511318,0,0
"2019-06-04T00:00:00Z",930111090,976584303,0,0
"2019-06-04T01:00:00Z",737693868,803372722,0,0
"2019-06-04T02:00:00Z",722223752,737071879,0,0
"2019-06-04T03:00:00Z",758772577,800417782,0,0
"2019-06-04T04:00:00Z",706415711,774944439,0,0
"2019-06-04T05:00:00Z",994897470,967874200,0,0
"2019-06-04T06:00:00Z",974844971,952721343,0,0
"2019-06-04T07:00:00Z",916462999,995334142,"-0.1399862903897513",0
"2019-06-04T08:00:00Z",965722723,969504644,0,0
"2019-06-04T09:00:00Z",913345256,1019660202,"-0.6468923621229482",0
"2019-06-04T10:00:00Z",900491348,966087784,0,0
"2019-06-04T11:00:00Z",917100812,1023739866,"-0.6528788747297558",0
"2019-06-04T12:00:00Z",905215807,1041282256,"-1.1964232692924484",0
"2019-06-04T13:00:00Z",910648863,972419780,0,0
"2019-06-04T14:00:00Z",1008418310,949954433,0,0
"2019-06-04T15:00:00Z",900965862,964056056,0,0
"2019-06-04T16:00:00Z",870174355,926850185,0,0
"2019-06-04T17:00:00Z",876299048,983605397,"-0.6652042784024995",0
"2019-06-04T18:00:00Z",878786944,908723178,0,0
"2019-06-04T19:00:00Z",874525847,968887665,"-0.4261098067250901",0
"2019-06-04T20:00:00Z",953351422,949381935,0,0
"2019-06-04T21:00:00Z",961309357,958374300,0,0
"2019-06-04T22:00:00Z",910212834,918149816,0,0
"2019-06-04T23:00:00Z",913189663,1008665668,"-0.44668960257728857",0
"2019-06-05T00:00:00Z",946670363,992622588,0,0
"2019-06-05T01:00:00Z",754488773,797248567,0,0
"2019-06-05T02:00:00Z",762510726,782794286,0,0
"2019-06-05T03:00:00Z",746115005,835533200,"-0.3347976576208987",0
"2019-06-05T04:00:00Z",744582340,844811673,"-0.5344868726589419",0
"2019-06-05T05:00:00Z",1469756566,1542744332,"-0.03131623197123266",0
